url,title,visit_count,last_visit_time
https://www.udemy.com/course/complete-generative-ai-course-with-langchain-and-huggingface/learn/lecture/44681389#notes,Course: Complete Generative AI Course With Langchain and Huggingface | Udemy,2,2024-07-28 18:43:15
https://www.udemy.com/course/complete-generative-ai-course-with-langchain-and-huggingface/learn/lecture/44681389,Course: Complete Generative AI Course With Langchain and Huggingface | Udemy,1,2024-07-28 18:43:13
https://www.udemy.com/?deal_code=&utm_term=Homepage&utm_content=Textlink&utm_campaign=Rakuten-default&ranMID=39197&ranEAID=UGrHaPSUfM0&ranSiteID=UGrHaPSUfM0-g9CqFRoZSTCBu4tIdOQdYw&LSNPUBID=UGrHaPSUfM0&utm_source=aff-campaign&utm_medium=udemyads,"Online Courses - Learn Anything, On Your Schedule | Udemy",62,2024-07-28 18:42:55
http://localhost:8501/,app1 · Streamlit,24,2024-07-28 18:33:41
http://127.0.0.1:5000/,Recent Chrome History,22,2024-07-28 18:26:37
https://www.medium.com/,Medium – Where good ideas find you.,1,2024-07-28 18:25:32
https://medium.com/,Medium – Where good ideas find you.,1,2024-07-28 18:25:32
https://www.linkedin.com/feed/,Feed | LinkedIn,1149,2024-07-28 18:24:45
https://www.linkedin.com/in/bethana-muneeswar-m-1a924b21b/,Bethana Muneeswar M | LinkedIn,9,2024-07-28 18:24:41
https://www.linkedin.com/in/bethana-muneeswar-m-1a924b21b/recent-activity/all/,Activity | Bethana Muneeswar M | LinkedIn,3,2024-07-28 18:24:19
https://chatgpt.com/c/b64623fa-f50d-4e72-87a0-ed8c80c4123f,ChatGPT,1,2024-07-28 18:23:19
https://www.linkedin.com/notifications/?filter=all,Notifications | LinkedIn,590,2024-07-28 18:21:10
https://www.linkedin.com/in/satheesh-kumar-m-7b273180/,(1) Notifications | LinkedIn,5,2024-07-28 18:20:29
https://www.google.com/search?q=tamilblasters&rlz=1C1ONGR_enIN1049IN1049&oq=&gs_lcrp=EgZjaHJvbWUqCQgBECMYJxjqAjIJCAAQIxgnGOoCMgkIARAjGCcY6gIyCQgCECMYJxjqAjIJCAMQIxgnGOoCMgkIBBAjGCcY6gIyCQgFECMYJxjqAjIJCAYQIxgnGOoCMgkIBxAjGCcY6gIyGwgIEC4YQxjHARi0AhjqAhjIAxjRAxiABBiKBdIBCTIwMzhqMGoxNagCCbACAQ&sourceid=chrome&ie=UTF-8,tamilblasters - Google Search,3,2024-07-28 18:18:26
https://tamilblasters.kim.atlaq.com/,TamilBlasters | Latest Tamil Telugu Malayalam Kannada Hindi English Movies Download,31,2024-07-28 18:18:24
https://sites.google.com/view/profmsk/experience,MSK - EXPERIENCE,2,2024-07-28 18:17:44
https://sites.google.com/view/profmsk/qualification,MSK - QUALIFICATION,2,2024-07-28 18:17:39
https://sites.google.com/view/profmsk/resource-person,MSK - RESOURCE PERSON,2,2024-07-28 18:17:32
https://sites.google.com/view/profmsk/certifications,MSK - CERTIFICATIONS,2,2024-07-28 18:16:46
https://sites.google.com/view/profmsk,MSK,2,2024-07-28 18:16:25
